Fund,Sector,Monthly_Return
FundA,Tech,0.0125
FundA,Tech,0.0093
FundA,Tech,0.0132
FundA,Tech,0.0176
FundA,Tech,0.0088
FundA,Tech,0.0088
FundA,Tech,0.0179
FundA,Tech,0.0138
FundA,Tech,0.0077
FundA,Tech,0.0127
FundA,Tech,0.0077
FundA,Tech,0.0077
FundA,Tech,0.0112
FundA,Tech,0.0004
FundA,Tech,0.0014
FundA,Tech,0.0072
FundA,Tech,0.0049
FundA,Tech,0.0116
FundA,Tech,0.0055
FundA,Tech,0.0029
FundA,Tech,0.0173
FundA,Tech,0.0089
FundA,Tech,0.0103
FundA,Tech,0.0029
FundA,Tech,0.0073
FundA,Tech,0.0106
FundA,Tech,0.0042
FundA,Tech,0.0119
FundA,Tech,0.007
FundA,Tech,0.0085
FundA,Tech,0.007
FundA,Tech,0.0193
FundA,Tech,0.0099
FundA,Tech,0.0047
FundA,Tech,0.0141
FundA,Tech,0.0039
FundA,Tech,0.011
FundA,Tech,0.0002
FundA,Tech,0.0034
FundA,Tech,0.011
FundA,Tech,0.0137
FundA,Tech,0.0109
FundA,Tech,0.0094
FundA,Tech,0.0085
FundA,Tech,0.0026
FundA,Tech,0.0064
FundA,Tech,0.0077
FundA,Tech,0.0153
FundA,Tech,0.0117
FundA,Tech,0.0012
FundA,Tech,0.0116
FundA,Tech,0.0081
FundA,Tech,0.0066
FundA,Tech,0.0131
FundA,Tech,0.0152
FundA,Tech,0.0147
FundA,Tech,0.0058
FundA,Tech,0.0085
FundA,Tech,0.0117
FundA,Tech,0.0149
FundA,Tech,0.0076
FundA,Tech,0.0091
FundA,Tech,0.0045
FundA,Tech,0.004
FundA,Tech,0.0141
FundA,Tech,0.0168
FundA,Tech,0.0096
FundA,Tech,0.015
FundA,Tech,0.0118
FundA,Tech,0.0068
FundA,Tech,0.0118
FundA,Tech,0.0177
FundA,Tech,0.0098
FundA,Tech,0.0178
FundA,Tech,-0.0031
FundA,Tech,0.0141
FundA,Tech,0.0104
FundA,Tech,0.0085
FundA,Tech,0.0105
FundA,Tech,0.0001
FundA,Tech,0.0089
FundA,Tech,0.0118
FundA,Tech,0.0174
FundA,Tech,0.0074
FundA,Tech,0.006
FundA,Tech,0.0075
FundA,Tech,0.0146
FundA,Tech,0.0116
FundA,Tech,0.0074
FundA,Tech,0.0126
FundA,Tech,0.0105
FundA,Tech,0.0148
FundA,Tech,0.0065
FundA,Tech,0.0084
FundA,Tech,0.008
FundA,Tech,0.0027
FundA,Tech,0.0115
FundA,Tech,0.0113
FundA,Tech,0.01
FundA,Tech,0.0088
FundA,Tech,0.0029
FundA,Tech,0.0079
FundA,Tech,0.0083
FundA,Tech,0.006
FundA,Tech,0.0092
FundA,Tech,0.012
FundA,Tech,0.0194
FundA,Tech,0.0109
FundA,Tech,0.0113
FundA,Tech,0.0096
FundA,Tech,0.0004
FundA,Tech,0.0099
FundA,Tech,0.0103
FundA,Tech,0.0223
FundA,Tech,0.009
FundA,Tech,0.0115
FundA,Tech,0.0098
FundA,Tech,0.0042
FundA,Tech,0.0157
FundA,Tech,0.0138
FundA,Tech,0.014
FundA,Tech,0.0055
FundA,Tech,0.017
FundA,Tech,0.003
FundA,Tech,0.0129
FundA,Tech,0.021
FundA,Tech,0.005
FundA,Tech,0.0072
FundA,Tech,0.0105
FundA,Tech,0.0075
FundA,Tech,0.0022
FundA,Tech,0.0103
FundA,Tech,0.0047
FundA,Tech,0.0124
FundA,Tech,0.0054
FundA,Tech,0.0177
FundA,Tech,0.0061
FundA,Tech,0.0084
FundA,Tech,0.0141
FundA,Tech,0.0038
FundA,Tech,0.0111
FundA,Tech,0.0165
FundA,Tech,0.002
FundA,Tech,0.0109
FundA,Tech,0.0113
FundA,Tech,0.0139
FundA,Tech,0.0038
FundA,Tech,0.0034
FundA,Tech,0.0126
FundA,Tech,0.0115
FundA,Tech,0.0113
FundA,Tech,0.0117
FundA,Tech,0.0066
FundA,Tech,0.0112
FundA,Tech,0.0115
FundA,Tech,0.0064
FundA,Tech,0.0193
FundA,Tech,0.0124
FundA,Tech,0.004
FundA,Tech,0.0133
FundA,Tech,0.0051
FundA,Tech,0.0139
FundA,Tech,0.0158
FundA,Tech,0.0059
FundA,Tech,0.0148
FundA,Tech,0.0121
FundA,Tech,0.0141
FundA,Tech,0.0195
FundA,Tech,0.0088
FundA,Tech,0.0062
FundA,Tech,0.0056
FundA,Tech,0.0059
FundA,Tech,0.0096
FundA,Tech,0.0117
FundA,Tech,0.0114
FundA,Tech,0.0141
FundA,Tech,0.0101
FundA,Tech,0.0173
FundA,Tech,0.0087
FundA,Tech,0.0236
FundA,Tech,0.0131
FundA,Tech,0.0057
FundA,Tech,0.0046
FundA,Tech,0.0124
FundA,Tech,0.0089
FundA,Tech,0.0136
FundA,Tech,0.0124
FundA,Tech,0.0096
FundA,Tech,0.0058
FundA,Tech,0.0024
FundA,Tech,0.0078
FundA,Tech,0.0143
FundA,Tech,0.0111
FundA,Tech,0.0038
FundA,Tech,0.0109
FundA,Tech,0.0119
FundA,Tech,0.0056
FundA,Tech,0.0108
FundA,Tech,0.0103
FundA,Tech,0.0043
FundD,Tech,0.0118
FundD,Tech,0.0128
FundD,Tech,0.0154
FundD,Tech,0.0153
FundD,Tech,0.0031
FundD,Tech,0.0053
FundD,Tech,0.0126
FundD,Tech,0.0126
FundD,Tech,0.0126
FundD,Tech,0.0293
FundD,Tech,0.0129
FundD,Tech,0.0157
FundD,Tech,0.0148
FundD,Tech,0.0133
FundD,Tech,0.0084
FundD,Tech,0.0138
FundD,Tech,0.0061
FundD,Tech,0.0088
FundD,Tech,0.0076
FundD,Tech,0.0104
FundD,Tech,0.0216
FundD,Tech,0.0007
FundD,Tech,0.0134
FundD,Tech,0.0019
FundD,Tech,0.0076
FundD,Tech,0.0154
FundD,Tech,0.0103
FundD,Tech,0.0046
FundD,Tech,0.0064
FundD,Tech,0.0134
FundD,Tech,0.0063
FundD,Tech,0.0111
FundD,Tech,0.0102
FundD,Tech,0.0067
FundD,Tech,0.0207
FundD,Tech,0.0132
FundD,Tech,-0.0001
FundD,Tech,0.0109
FundD,Tech,0.0067
FundD,Tech,0.0143
FundD,Tech,0.006
FundD,Tech,0.0094
FundD,Tech,0.0125
FundD,Tech,0.0143
FundD,Tech,0.004
FundD,Tech,0.0083
FundD,Tech,0.0076
FundD,Tech,0.0067
FundD,Tech,0.0188
FundD,Tech,0.012
FundD,Tech,0.0037
FundD,Tech,0.0146
FundD,Tech,0.0206
FundD,Tech,0.0152
FundD,Tech,0.0024
FundD,Tech,0.0076
FundD,Tech,0.0163
FundD,Tech,0.0065
FundD,Tech,0.0122
FundD,Tech,0.0139
FundD,Tech,0.0054
FundD,Tech,0.0097
FundD,Tech,-0.0062
FundD,Tech,0.0049
FundD,Tech,0.0087
FundD,Tech,0.0038
FundD,Tech,0.0182
FundD,Tech,0.0028
FundD,Tech,0.0078
FundD,Tech,0.0107
FundD,Tech,0.0172
FundD,Tech,0.0028
FundD,Tech,0.0158
FundD,Tech,0.0101
FundD,Tech,0.0051
FundD,Tech,0.0123
FundD,Tech,0.011
FundD,Tech,0.007
FundD,Tech,0.0103
FundD,Tech,0.0081
FundD,Tech,0.0106
FundD,Tech,0.0133
FundD,Tech,0.0179
FundD,Tech,0.0038
FundD,Tech,0.0207
FundD,Tech,0.0002
FundD,Tech,0.0092
FundD,Tech,0.0129
FundD,Tech,0.0114
FundD,Tech,0.0069
FundD,Tech,0.009
FundD,Tech,0.0075
FundD,Tech,0.0071
FundD,Tech,0.0142
FundD,Tech,0.0118
FundD,Tech,0.0065
FundD,Tech,0.0145
FundD,Tech,0.0115
FundD,Tech,0.0141
FundD,Tech,0.0131
FundD,Tech,0.0059
FundD,Tech,0.0072
FundD,Tech,0.0137
FundD,Tech,0.0131
FundD,Tech,0.0099
FundD,Tech,0.0106
FundD,Tech,0.0164
FundD,Tech,0.007
FundD,Tech,0.0127
FundD,Tech,0.009
FundD,Tech,0.0089
FundD,Tech,0.0155
FundD,Tech,0.0141
FundD,Tech,0.0141
FundD,Tech,0.0165
FundD,Tech,0.0101
FundD,Tech,0.0134
FundD,Tech,0.0084
FundD,Tech,0.0116
FundD,Tech,0.0093
FundD,Tech,0.0105
FundD,Tech,0.013
FundD,Tech,0.0059
FundD,Tech,0.0205
FundD,Tech,0.005
FundD,Tech,0.0039
FundD,Tech,0.0158
FundD,Tech,0.014
FundD,Tech,0.0131
FundD,Tech,0.0131
FundD,Tech,0.0099
FundD,Tech,0.0055
FundD,Tech,0.0104
FundD,Tech,0.0066
FundD,Tech,0.0149
FundD,Tech,0.0093
FundD,Tech,0.0059
FundD,Tech,0.0084
FundD,Tech,0.0121
FundD,Tech,0.0072
FundD,Tech,0.0059
FundD,Tech,0.0112
FundD,Tech,0.0112
FundD,Tech,0.0075
FundD,Tech,0.0076
FundD,Tech,0.0112
FundD,Tech,0.0028
FundD,Tech,0.003
FundD,Tech,0.0064
FundD,Tech,0.0089
FundD,Tech,0.0116
FundD,Tech,0.0174
FundD,Tech,0.0143
FundD,Tech,0.0092
FundD,Tech,0.0099
FundD,Tech,0.005
FundD,Tech,0.0099
FundD,Tech,0.0086
FundD,Tech,0.0116
FundD,Tech,0.0059
FundD,Tech,0.0126
FundD,Tech,0.0177
FundD,Tech,0.0095
FundD,Tech,0.012
FundD,Tech,0.0135
FundD,Tech,0.008
FundD,Tech,0.0111
FundD,Tech,0.0101
FundD,Tech,0.0105
FundD,Tech,0.0061
FundD,Tech,0.0101
FundD,Tech,0.0125
FundD,Tech,0.0173
FundD,Tech,0.0148
FundD,Tech,0.0208
FundD,Tech,0.0062
FundD,Tech,0.0144
FundD,Tech,0.0109
FundD,Tech,0.0209
FundD,Tech,0.006
FundD,Tech,0.0058
FundD,Tech,0.007
FundD,Tech,-0.0006
FundD,Tech,0.0074
FundD,Tech,0.0062
FundD,Tech,0.0108
FundD,Tech,0.0117
FundD,Tech,0.0194
FundD,Tech,0.0148
FundD,Tech,0.0071
FundD,Tech,0.0055
FundD,Tech,0.0125
FundD,Tech,0.0034
FundD,Tech,0.0192
FundD,Tech,0.0159
FundD,Tech,0.0077
FundD,Tech,0.0014
FundD,Tech,0.0168
FundD,Tech,0.0094
FundD,Tech,0.0162
FundF,Tech,0.002
FundF,Tech,0.007
FundF,Tech,0.01
FundF,Tech,0.0102
FundF,Tech,0.0077
FundF,Tech,0.0131
FundF,Tech,0.0047
FundF,Tech,0.0093
FundF,Tech,0.0106
FundF,Tech,0.0126
FundF,Tech,0.0136
FundF,Tech,0.0044
FundF,Tech,0.0023
FundF,Tech,0.0164
FundF,Tech,0.0117
FundF,Tech,0.0063
FundF,Tech,0.0178
FundF,Tech,0.0106
FundF,Tech,0.0159
FundF,Tech,0.0103
FundF,Tech,0.0203
FundF,Tech,0.0188
FundF,Tech,0.0088
FundF,Tech,0.0149
FundF,Tech,0.0132
FundF,Tech,0.0168
FundF,Tech,0.0052
FundF,Tech,0.0134
FundF,Tech,0.0153
FundF,Tech,0.0012
FundF,Tech,0.0041
FundF,Tech,-0.0002
FundF,Tech,0.0087
FundF,Tech,0.0136
FundF,Tech,0.0175
FundF,Tech,0.0104
FundF,Tech,0.0181
FundF,Tech,0.0031
FundF,Tech,0.0015
FundF,Tech,0.0097
FundF,Tech,0.0119
FundF,Tech,0.0098
FundF,Tech,-0.0003
FundF,Tech,0.0096
FundF,Tech,0.0035
FundF,Tech,0.0133
FundF,Tech,0.0118
FundF,Tech,0.0053
FundF,Tech,0.0074
FundF,Tech,0.0047
FundF,Tech,0.0097
FundF,Tech,0.0148
FundF,Tech,0.0051
FundF,Tech,0.0125
FundF,Tech,0.0073
FundF,Tech,0.006
FundF,Tech,0.0095
FundF,Tech,0.0048
FundF,Tech,0.0072
FundF,Tech,0.004
FundF,Tech,0.0198
FundF,Tech,0.0102
FundF,Tech,0.0065
FundF,Tech,0.0111
FundF,Tech,0.0094
FundF,Tech,0.0089
FundF,Tech,0.0131
FundF,Tech,0.0138
FundF,Tech,0.0073
FundF,Tech,0.0071
FundF,Tech,0.0086
FundF,Tech,-0.0015
FundF,Tech,0.0024
FundF,Tech,0.0168
FundF,Tech,0.0182
FundF,Tech,0.0088
FundF,Tech,0.0129
FundF,Tech,0.0116
FundF,Tech,0.0254
FundF,Tech,0.0156
FundF,Tech,0.0094
FundF,Tech,0.0052
FundF,Tech,0.002
FundF,Tech,0.011
FundF,Tech,0.0062
FundF,Tech,0.0029
FundF,Tech,0.0068
FundF,Tech,0.0046
FundF,Tech,0.0184
FundF,Tech,0.0144
FundF,Tech,0.01
FundF,Tech,0.0174
FundF,Tech,0.0104
FundF,Tech,0.0057
FundF,Tech,0.0176
FundF,Tech,0.0127
FundF,Tech,0.0048
FundF,Tech,0.009
FundF,Tech,0.0056
FundF,Tech,0.0031
FundF,Tech,0.0146
FundF,Tech,0.0195
FundF,Tech,0.003
FundF,Tech,0.0128
FundF,Tech,0.0067
FundF,Tech,0.0076
FundF,Tech,0.007
FundF,Tech,0.0057
FundF,Tech,0.0102
FundF,Tech,0.0058
FundF,Tech,0.0114
FundF,Tech,0.0097
FundF,Tech,0.0088
FundF,Tech,0.0055
FundF,Tech,0.0071
FundF,Tech,0.0138
FundF,Tech,0.0125
FundF,Tech,0.0051
FundF,Tech,0.0105
FundF,Tech,0.0138
FundF,Tech,0.0017
FundF,Tech,0.0127
FundF,Tech,0.0067
FundF,Tech,0.0129
FundF,Tech,0.0062
FundF,Tech,0.001
FundF,Tech,0.0019
FundF,Tech,0.0102
FundF,Tech,0.0113
FundF,Tech,0.0055
FundF,Tech,0.0132
FundF,Tech,0.0017
FundF,Tech,0.0097
FundF,Tech,0.0039
FundF,Tech,0.0067
FundF,Tech,0.0102
FundF,Tech,0.0057
FundF,Tech,0.0081
FundF,Tech,0.015
FundF,Tech,0.0071
FundF,Tech,0.0142
FundF,Tech,0.0044
FundF,Tech,0.0126
FundF,Tech,0.0172
FundF,Tech,-0.0024
FundF,Tech,0.006
FundF,Tech,0.0129
FundF,Tech,0.009
FundF,Tech,0.0119
FundF,Tech,0.007
FundF,Tech,0.0104
FundF,Tech,0.0092
FundF,Tech,0.0158
FundF,Tech,0.0113
FundF,Tech,0.0117
FundF,Tech,0.0079
FundF,Tech,0.0076
FundF,Tech,0.0078
FundF,Tech,0.012
FundF,Tech,0.0079
FundF,Tech,0.0114
FundF,Tech,0.0204
FundF,Tech,0.0144
FundF,Tech,0.0084
FundF,Tech,0.016
FundF,Tech,0.008
FundF,Tech,-0.0002
FundF,Tech,0.005
FundF,Tech,0.0006
FundF,Tech,0.0082
FundF,Tech,0.0101
FundF,Tech,0.0184
FundF,Tech,0.0116
FundF,Tech,0.0089
FundF,Tech,0.0141
FundF,Tech,-0.0011
FundF,Tech,0.0112
FundF,Tech,0.0139
FundF,Tech,0.0026
FundF,Tech,0.0157
FundF,Tech,0.0117
FundF,Tech,0.0079
FundF,Tech,0.0132
FundF,Tech,0.0214
FundF,Tech,0.0109
FundF,Tech,0.0112
FundF,Tech,0.0077
FundF,Tech,0.0058
FundF,Tech,0.0142
FundF,Tech,0.0057
FundF,Tech,0.0104
FundF,Tech,0.0076
FundF,Tech,0.0124
FundF,Tech,0.0117
FundF,Tech,0.0152
FundF,Tech,0.0074
FundF,Tech,0.0087
FundF,Tech,0.0051
FundF,Tech,0.0078
FundF,Tech,0.0119
FundG,Tech,0.0138
FundG,Tech,0.0054
FundG,Tech,0.0143
FundG,Tech,0.0168
FundG,Tech,0.0121
FundG,Tech,0.0194
FundG,Tech,0.0061
FundG,Tech,0.0038
FundG,Tech,0.0011
FundG,Tech,0.0175
FundG,Tech,0.0133
FundG,Tech,0.0097
FundG,Tech,0.0114
FundG,Tech,0.0044
FundG,Tech,0.0222
FundG,Tech,0.0106
FundG,Tech,0.0105
FundG,Tech,0.0136
FundG,Tech,0.0124
FundG,Tech,0.0111
FundG,Tech,0.006
FundG,Tech,0.0124
FundG,Tech,0.0194
FundG,Tech,0.0167
FundG,Tech,0.018
FundG,Tech,0.0074
FundG,Tech,0.0051
FundG,Tech,0.0094
FundG,Tech,0.0103
FundG,Tech,0.0155
FundG,Tech,0.0015
FundG,Tech,0.0176
FundG,Tech,0.0092
FundG,Tech,0.0079
FundG,Tech,0.0049
FundG,Tech,0.0017
FundG,Tech,0.0141
FundG,Tech,0.0104
FundG,Tech,0.0036
FundG,Tech,0.0035
FundG,Tech,0.0083
FundG,Tech,0.0183
FundG,Tech,0.0087
FundG,Tech,0.0025
FundG,Tech,0.0088
FundG,Tech,0.0086
FundG,Tech,-0.0035
FundG,Tech,0.0097
FundG,Tech,0.0088
FundG,Tech,0.0135
FundG,Tech,0.0192
FundG,Tech,0.0156
FundG,Tech,0.0087
FundG,Tech,0.0045
FundG,Tech,0.0229
FundG,Tech,0.0103
FundG,Tech,0.0101
FundG,Tech,0.0099
FundG,Tech,0.011
FundG,Tech,0.0093
FundG,Tech,0.0071
FundG,Tech,0.0073
FundG,Tech,0.0098
FundG,Tech,0.0073
FundG,Tech,0.0064
FundG,Tech,0.0105
FundG,Tech,0.0087
FundG,Tech,0.0175
FundG,Tech,-0.0033
FundG,Tech,0.0155
FundG,Tech,0.0162
FundG,Tech,-0.0004
FundG,Tech,0.0083
FundG,Tech,0.0081
FundG,Tech,0.003
FundG,Tech,0.0061
FundG,Tech,0.0044
FundG,Tech,0.0188
FundG,Tech,0.0147
FundG,Tech,0.0164
FundG,Tech,0.0136
FundG,Tech,0.0044
FundG,Tech,0.0074
FundG,Tech,0.0124
FundG,Tech,0.0039
FundG,Tech,0.0136
FundG,Tech,0.0088
FundG,Tech,0.0081
FundG,Tech,0.0136
FundG,Tech,0.0122
FundG,Tech,0.0082
FundG,Tech,0.0158
FundG,Tech,0.0046
FundG,Tech,0.0131
FundG,Tech,0.013
FundG,Tech,0.0085
FundG,Tech,0.0116
FundG,Tech,0.0037
FundG,Tech,0.0146
FundG,Tech,0.0091
FundG,Tech,0.0074
FundG,Tech,0.0152
FundG,Tech,0.0065
FundG,Tech,0.003
FundG,Tech,0.0022
FundG,Tech,0.013
FundG,Tech,0.0036
FundG,Tech,0.0188
FundG,Tech,-0.0004
FundG,Tech,0.0185
FundG,Tech,0.0111
FundG,Tech,0.0095
FundG,Tech,0.0073
FundG,Tech,0.012
FundG,Tech,0.0098
FundG,Tech,0.0155
FundG,Tech,0.0106
FundG,Tech,0.0108
FundG,Tech,0.0082
FundG,Tech,0.0097
FundG,Tech,0.0115
FundG,Tech,0.0014
FundG,Tech,0.0033
FundG,Tech,0.0137
FundG,Tech,0.0109
FundG,Tech,0.0091
FundG,Tech,0.0101
FundG,Tech,0.0117
FundG,Tech,0.0073
FundG,Tech,0.0061
FundG,Tech,0.011
FundG,Tech,0.0051
FundG,Tech,0.012
FundG,Tech,0.0015
FundG,Tech,0.0151
FundG,Tech,0.0124
FundG,Tech,0.0113
FundG,Tech,0.0149
FundG,Tech,0.0183
FundG,Tech,0.0151
FundG,Tech,0.0008
FundG,Tech,0.0036
FundG,Tech,0.0069
FundG,Tech,0.0101
FundG,Tech,0.0126
FundG,Tech,0.0064
FundG,Tech,0.0109
FundG,Tech,0.0062
FundG,Tech,0.0069
FundG,Tech,0.003
FundG,Tech,0.0054
FundG,Tech,0.0032
FundG,Tech,0.0051
FundG,Tech,0.0153
FundG,Tech,0.0053
FundG,Tech,0.0232
FundG,Tech,0.0125
FundG,Tech,0.0109
FundG,Tech,0.0057
FundG,Tech,0.0135
FundG,Tech,0.0071
FundG,Tech,0.0106
FundG,Tech,0.0228
FundG,Tech,0.0095
FundG,Tech,0.0157
FundG,Tech,0.0065
FundG,Tech,0.0098
FundG,Tech,0.0189
FundG,Tech,0.0069
FundG,Tech,0.0191
FundG,Tech,0.0135
FundG,Tech,0.0072
FundG,Tech,0.0132
FundG,Tech,0.0149
FundG,Tech,0.0131
FundG,Tech,0.0021
FundG,Tech,0.0064
FundG,Tech,0.0088
FundG,Tech,0.0096
FundG,Tech,0.0131
FundG,Tech,0.0109
FundG,Tech,0.0033
FundG,Tech,0.0119
FundG,Tech,0.0131
FundG,Tech,0.0128
FundG,Tech,0.0154
FundG,Tech,0.0142
FundG,Tech,0.0123
FundG,Tech,0.0096
FundG,Tech,0.0017
FundG,Tech,0.0121
FundG,Tech,0.011
FundG,Tech,0.0114
FundG,Tech,0.0036
FundG,Tech,0.0046
FundG,Tech,0.0153
FundG,Tech,0.0098
FundG,Tech,0.0134
FundG,Tech,0.0101
FundG,Tech,0.0101
FundH,Tech,0.0147
FundH,Tech,0.0074
FundH,Tech,0.0105
FundH,Tech,0.0077
FundH,Tech,0.0078
FundH,Tech,0.0085
FundH,Tech,0.0111
FundH,Tech,0.0076
FundH,Tech,0.0163
FundH,Tech,0.0055
FundH,Tech,0.0091
FundH,Tech,0.0078
FundH,Tech,0.0172
FundH,Tech,0.011
FundH,Tech,0.0152
FundH,Tech,0.0026
FundH,Tech,0.0113
FundH,Tech,0.0144
FundH,Tech,0.0104
FundH,Tech,0.0153
FundH,Tech,0.0074
FundH,Tech,0.017
FundH,Tech,0.0215
FundH,Tech,0.0082
FundH,Tech,0.0078
FundH,Tech,0.0173
FundH,Tech,0.0179
FundH,Tech,0.0074
FundH,Tech,0.0079
FundH,Tech,0.0086
FundH,Tech,0.0033
FundH,Tech,0.0054
FundH,Tech,0.005
FundH,Tech,0.0062
FundH,Tech,0.0098
FundH,Tech,0.0112
FundH,Tech,0.0178
FundH,Tech,0.005
FundH,Tech,0.0149
FundH,Tech,0.0089
FundH,Tech,0.0098
FundH,Tech,0.0134
FundH,Tech,0.0044
FundH,Tech,0.0119
FundH,Tech,0.0108
FundH,Tech,0.0125
FundH,Tech,0.0114
FundH,Tech,0.0223
FundH,Tech,0.0068
FundH,Tech,0.0073
FundH,Tech,0.0069
FundH,Tech,0.0072
FundH,Tech,0.0068
FundH,Tech,0.0159
FundH,Tech,0.0171
FundH,Tech,0.0071
FundH,Tech,0.0058
FundH,Tech,0.0124
FundH,Tech,0.0072
FundH,Tech,0.0132
FundH,Tech,0.011
FundH,Tech,0.0024
FundH,Tech,0.0177
FundH,Tech,0.019
FundH,Tech,0.0069
FundH,Tech,0.0081
FundH,Tech,0.0114
FundH,Tech,0.0117
FundH,Tech,0.0133
FundH,Tech,0.0201
FundH,Tech,0.0091
FundH,Tech,0.006
FundH,Tech,0.0031
FundH,Tech,0.0063
FundH,Tech,0.0098
FundH,Tech,0.019
FundH,Tech,0.0074
FundH,Tech,0.0111
FundH,Tech,0.0099
FundH,Tech,0.0159
FundH,Tech,0.0226
FundH,Tech,0.0073
FundH,Tech,0.0076
FundH,Tech,0.0152
FundH,Tech,0.0134
FundH,Tech,0.0192
FundH,Tech,0.0129
FundH,Tech,0.0082
FundH,Tech,0.013
FundH,Tech,0.0155
FundH,Tech,0.0141
FundH,Tech,0.0125
FundH,Tech,0.0153
FundH,Tech,0.0158
FundH,Tech,0.0169
FundH,Tech,0.0132
FundH,Tech,0.0092
FundH,Tech,0.0107
FundH,Tech,0.016
FundH,Tech,0.0059
FundH,Tech,0.0118
FundH,Tech,0.008
FundH,Tech,0.0101
FundH,Tech,0.0164
FundH,Tech,0.011
FundH,Tech,0.0102
FundH,Tech,0.0032
FundH,Tech,0.0137
FundH,Tech,0.0132
FundH,Tech,0.0208
FundH,Tech,0.0085
FundH,Tech,0.0111
FundH,Tech,0.0112
FundH,Tech,0.0179
FundH,Tech,0.0095
FundH,Tech,0.0114
FundH,Tech,0.013
FundH,Tech,0.0109
FundH,Tech,0.0078
FundH,Tech,0.011
FundH,Tech,0.0154
FundH,Tech,0.0049
FundH,Tech,0.0107
FundH,Tech,0.0065
FundH,Tech,0.016
FundH,Tech,0.0024
FundH,Tech,0.0072
FundH,Tech,0.0119
FundH,Tech,0.0178
FundH,Tech,0.0097
FundH,Tech,0.0072
FundH,Tech,0.0194
FundH,Tech,0.0028
FundH,Tech,-0.001
FundH,Tech,0.0122
FundH,Tech,0.0075
FundH,Tech,0.0049
FundH,Tech,0.0135
FundH,Tech,0.0112
FundH,Tech,0.0072
FundH,Tech,0.0036
FundH,Tech,0.0144
FundH,Tech,0.0133
FundH,Tech,0.0095
FundH,Tech,0.0192
FundH,Tech,0.0046
FundH,Tech,0.0024
FundH,Tech,0.0065
FundH,Tech,0.0098
FundH,Tech,0.0112
FundH,Tech,0.0088
FundH,Tech,0.0118
FundH,Tech,0.0037
FundH,Tech,0.0172
FundH,Tech,0.0096
FundH,Tech,0.0156
FundH,Tech,0.0117
FundH,Tech,0.0123
FundH,Tech,0.0128
FundH,Tech,0.0122
FundH,Tech,0.0132
FundH,Tech,0.0166
FundH,Tech,0.011
FundH,Tech,0.0135
FundH,Tech,0.0096
FundH,Tech,0.0172
FundH,Tech,0.0066
FundH,Tech,0.019
FundH,Tech,0.0098
FundH,Tech,0.0028
FundH,Tech,0.0106
FundH,Tech,0.0066
FundH,Tech,0.0142
FundH,Tech,0.0067
FundH,Tech,0.0078
FundH,Tech,0.0006
FundH,Tech,0.0077
FundH,Tech,-0.0021
FundH,Tech,0.0021
FundH,Tech,0.0138
FundH,Tech,0.0139
FundH,Tech,0.0121
FundH,Tech,0.0052
FundH,Tech,0.0098
FundH,Tech,0.01
FundH,Tech,0.0042
FundH,Tech,0.0175
FundH,Tech,0.0144
FundH,Tech,0.0089
FundH,Tech,0.0101
FundH,Tech,0.011
FundH,Tech,-0.0002
FundH,Tech,0.0088
FundH,Tech,0.0066
FundH,Tech,0.005
FundH,Tech,0.0086
FundH,Tech,0.019
FundH,Tech,0.0132
FundH,Tech,0.0071
FundH,Tech,0.0129
FundB,Finance,0.0092
FundB,Finance,0.0078
FundB,Finance,0.0052
FundB,Finance,0.0031
FundB,Finance,0.0071
FundB,Finance,0.0062
FundB,Finance,0.0077
FundB,Finance,0.0069
FundB,Finance,0.0081
FundB,Finance,0.0034
FundB,Finance,0.009
FundB,Finance,0.0056
FundB,Finance,0.0112
FundB,Finance,0.0029
FundB,Finance,0.0102
FundB,Finance,0.0056
FundB,Finance,0.003
FundB,Finance,0.0035
FundB,Finance,0.004
FundB,Finance,0.0063
FundB,Finance,0.0066
FundB,Finance,0.0033
FundB,Finance,0.0049
FundB,Finance,0.0114
FundB,Finance,0.0102
FundB,Finance,0.0063
FundB,Finance,0.0051
FundB,Finance,0.0054
FundB,Finance,0.0068
FundB,Finance,0.0019
FundB,Finance,0.0042
FundB,Finance,-0.0
FundB,Finance,0.0062
FundB,Finance,0.0069
FundB,Finance,0.0036
FundB,Finance,0.0097
FundB,Finance,0.0013
FundB,Finance,0.0006
FundB,Finance,0.0057
FundB,Finance,0.0081
FundB,Finance,0.0101
FundB,Finance,0.0036
FundB,Finance,0.0082
FundB,Finance,0.0049
FundB,Finance,0.0045
FundB,Finance,0.0077
FundB,Finance,0.007
FundB,Finance,0.0003
FundB,Finance,0.0094
FundB,Finance,0.0091
FundB,Finance,0.0031
FundB,Finance,0.0062
FundB,Finance,0.0065
FundB,Finance,0.0058
FundB,Finance,0.0033
FundB,Finance,0.003
FundB,Finance,0.0049
FundB,Finance,0.0085
FundB,Finance,0.0066
FundB,Finance,0.0039
FundB,Finance,0.0073
FundB,Finance,-0.0035
FundB,Finance,0.0084
FundB,Finance,-0.0002
FundB,Finance,0.0039
FundB,Finance,0.0016
FundB,Finance,0.0011
FundB,Finance,0.0085
FundB,Finance,0.0036
FundB,Finance,0.006
FundB,Finance,0.0049
FundB,Finance,0.0064
FundB,Finance,0.0052
FundB,Finance,0.0012
FundB,Finance,0.008
FundB,Finance,0.0035
FundB,Finance,0.0003
FundB,Finance,0.0037
FundB,Finance,0.0095
FundB,Finance,0.0076
FundB,Finance,0.004
FundB,Finance,0.004
FundB,Finance,0.004
FundB,Finance,0.0112
FundB,Finance,0.0061
FundB,Finance,0.0063
FundB,Finance,0.0081
FundB,Finance,0.0057
FundB,Finance,0.0042
FundB,Finance,0.0044
FundB,Finance,0.0048
FundB,Finance,0.0049
FundB,Finance,0.0072
FundB,Finance,0.0052
FundB,Finance,0.0072
FundB,Finance,0.0048
FundB,Finance,0.0052
FundB,Finance,-0.001
FundB,Finance,0.0077
FundB,Finance,0.006
FundB,Finance,0.008
FundB,Finance,-0.0037
FundB,Finance,0.0113
FundB,Finance,0.0046
FundB,Finance,0.0083
FundB,Finance,0.0019
FundB,Finance,0.0068
FundB,Finance,0.0018
FundB,Finance,0.0031
FundB,Finance,0.0107
FundB,Finance,0.0044
FundB,Finance,0.0057
FundB,Finance,0.0076
FundB,Finance,0.0065
FundB,Finance,0.0055
FundB,Finance,0.0061
FundB,Finance,0.0122
FundB,Finance,0.0048
FundB,Finance,0.0056
FundB,Finance,0.0082
FundB,Finance,0.0083
FundB,Finance,0.0086
FundB,Finance,0.0069
FundB,Finance,0.0016
FundB,Finance,0.0099
FundB,Finance,0.0016
FundB,Finance,0.0059
FundB,Finance,0.0027
FundB,Finance,0.0048
FundB,Finance,0.006
FundB,Finance,0.006
FundB,Finance,0.0063
FundB,Finance,0.0098
FundB,Finance,0.0064
FundB,Finance,0.0043
FundB,Finance,0.0079
FundB,Finance,0.0086
FundB,Finance,0.0013
FundB,Finance,0.0068
FundB,Finance,0.0071
FundB,Finance,0.0041
FundB,Finance,0.0091
FundB,Finance,0.0045
FundB,Finance,0.0054
FundB,Finance,0.0045
FundB,Finance,0.005
FundB,Finance,0.0017
FundB,Finance,0.0007
FundB,Finance,0.0098
FundB,Finance,0.0025
FundB,Finance,0.002
FundB,Finance,-0.0015
FundB,Finance,0.0031
FundB,Finance,0.001
FundB,Finance,0.0099
FundB,Finance,0.008
FundB,Finance,0.0029
FundB,Finance,0.0118
FundB,Finance,0.0079
FundB,Finance,0.004
FundB,Finance,-0.0025
FundB,Finance,0.0119
FundB,Finance,0.0008
FundB,Finance,0.0001
FundB,Finance,0.0081
FundB,Finance,0.0123
FundB,Finance,0.0092
FundB,Finance,0.0067
FundB,Finance,0.0068
FundB,Finance,0.0076
FundB,Finance,0.0073
FundB,Finance,0.0058
FundB,Finance,0.0053
FundB,Finance,0.0048
FundB,Finance,0.0027
FundB,Finance,0.0042
FundB,Finance,-0.0001
FundB,Finance,0.0047
FundB,Finance,0.002
FundB,Finance,0.0017
FundB,Finance,0.0055
FundB,Finance,0.0092
FundB,Finance,0.0078
FundB,Finance,0.0003
FundB,Finance,0.002
FundB,Finance,0.0078
FundB,Finance,0.0021
FundB,Finance,0.0043
FundB,Finance,0.0067
FundB,Finance,0.0021
FundB,Finance,0.0053
FundB,Finance,0.001
FundB,Finance,0.0032
FundB,Finance,0.006
FundB,Finance,0.0002
FundB,Finance,0.0063
FundB,Finance,0.0049
FundB,Finance,0.0067
FundB,Finance,0.0057
FundB,Finance,0.0091
FundE,Finance,0.0054
FundE,Finance,0.0037
FundE,Finance,0.0054
FundE,Finance,0.0066
FundE,Finance,0.0051
FundE,Finance,0.0051
FundE,Finance,0.0029
FundE,Finance,0.003
FundE,Finance,0.0008
FundE,Finance,0.0102
FundE,Finance,0.0013
FundE,Finance,0.0029
FundE,Finance,0.0028
FundE,Finance,0.0077
FundE,Finance,0.0041
FundE,Finance,0.0087
FundE,Finance,0.003
FundE,Finance,0.0058
FundE,Finance,0.0025
FundE,Finance,0.0114
FundE,Finance,0.0014
FundE,Finance,0.0059
FundE,Finance,0.0069
FundE,Finance,0.0062
FundE,Finance,0.0044
FundE,Finance,0.0046
FundE,Finance,0.0051
FundE,Finance,0.0046
FundE,Finance,0.0079
FundE,Finance,0.0116
FundE,Finance,0.0033
FundE,Finance,0.0009
FundE,Finance,0.0047
FundE,Finance,0.0127
FundE,Finance,0.0026
FundE,Finance,0.0099
FundE,Finance,0.01
FundE,Finance,0.0033
FundE,Finance,0.0067
FundE,Finance,0.0099
FundE,Finance,0.0039
FundE,Finance,0.0044
FundE,Finance,0.0033
FundE,Finance,0.002
FundE,Finance,0.0031
FundE,Finance,0.0013
FundE,Finance,0.0051
FundE,Finance,0.0027
FundE,Finance,0.0057
FundE,Finance,0.0003
FundE,Finance,0.006
FundE,Finance,0.0075
FundE,Finance,-0.001
FundE,Finance,0.0061
FundE,Finance,0.0087
FundE,Finance,0.0014
FundE,Finance,0.01
FundE,Finance,0.0063
FundE,Finance,0.0029
FundE,Finance,0.0048
FundE,Finance,0.0067
FundE,Finance,0.0052
FundE,Finance,0.0066
FundE,Finance,0.0022
FundE,Finance,0.0055
FundE,Finance,0.0008
FundE,Finance,0.0047
FundE,Finance,0.0023
FundE,Finance,0.0028
FundE,Finance,0.0087
FundE,Finance,0.0083
FundE,Finance,0.0068
FundE,Finance,0.0017
FundE,Finance,0.0041
FundE,Finance,0.0086
FundE,Finance,0.0054
FundE,Finance,0.012
FundE,Finance,0.0062
FundE,Finance,0.0056
FundE,Finance,0.0041
FundE,Finance,0.0054
FundE,Finance,0.0045
FundE,Finance,0.0071
FundE,Finance,0.0079
FundE,Finance,0.0026
FundE,Finance,0.001
FundE,Finance,-0.0005
FundE,Finance,0.0065
FundE,Finance,0.0017
FundE,Finance,-0.0015
FundE,Finance,0.0062
FundE,Finance,0.0125
FundE,Finance,0.005
FundE,Finance,0.0075
FundE,Finance,0.0052
FundE,Finance,0.0047
FundE,Finance,0.0078
FundE,Finance,0.0041
FundE,Finance,0.0058
FundE,Finance,0.006
FundE,Finance,0.003
FundE,Finance,0.008
FundE,Finance,0.0045
FundE,Finance,0.0027
FundE,Finance,0.0066
FundE,Finance,0.0023
FundE,Finance,0.0051
FundE,Finance,0.005
FundE,Finance,0.0083
FundE,Finance,0.0064
FundE,Finance,0.0049
FundE,Finance,0.0075
FundE,Finance,0.0092
FundE,Finance,0.0067
FundE,Finance,0.005
FundE,Finance,0.0011
FundE,Finance,0.0018
FundE,Finance,0.0041
FundE,Finance,0.0032
FundE,Finance,0.0044
FundE,Finance,0.0052
FundE,Finance,0.0066
FundE,Finance,0.0048
FundE,Finance,0.0065
FundE,Finance,0.0052
FundE,Finance,-0.0009
FundE,Finance,0.0022
FundE,Finance,0.0046
FundE,Finance,0.0014
FundE,Finance,0.0068
FundE,Finance,0.0096
FundE,Finance,0.0087
FundE,Finance,0.0044
FundE,Finance,0.0095
FundE,Finance,0.0054
FundE,Finance,0.004
FundE,Finance,0.0032
FundE,Finance,0.0041
FundE,Finance,0.0038
FundE,Finance,0.0055
FundE,Finance,0.0055
FundE,Finance,0.005
FundE,Finance,0.0063
FundE,Finance,0.0086
FundE,Finance,0.0078
FundE,Finance,0.0005
FundE,Finance,-0.0027
FundE,Finance,0.0078
FundE,Finance,0.0009
FundE,Finance,0.0043
FundE,Finance,0.0015
FundE,Finance,-0.0004
FundE,Finance,0.0066
FundE,Finance,0.0073
FundE,Finance,0.0033
FundE,Finance,-0.0028
FundE,Finance,0.0034
FundE,Finance,0.0062
FundE,Finance,0.0006
FundE,Finance,0.0056
FundE,Finance,0.005
FundE,Finance,0.0067
FundE,Finance,0.0054
FundE,Finance,0.0021
FundE,Finance,0.0086
FundE,Finance,0.0045
FundE,Finance,0.0049
FundE,Finance,0.0022
FundE,Finance,0.0037
FundE,Finance,0.0023
FundE,Finance,0.0045
FundE,Finance,0.0101
FundE,Finance,0.0009
FundE,Finance,0.0002
FundE,Finance,0.0094
FundE,Finance,0.0044
FundE,Finance,0.003
FundE,Finance,0.0081
FundE,Finance,0.0032
FundE,Finance,0.0105
FundE,Finance,0.007
FundE,Finance,0.0035
FundE,Finance,0.0115
FundE,Finance,0.0032
FundE,Finance,0.0072
FundE,Finance,0.0059
FundE,Finance,0.0089
FundE,Finance,0.0097
FundE,Finance,0.0051
FundE,Finance,0.0027
FundE,Finance,0.0064
FundE,Finance,0.003
FundE,Finance,0.011
FundE,Finance,0.0054
FundE,Finance,0.0039
FundE,Finance,0.0056
FundE,Finance,0.001
FundE,Finance,0.0021
FundE,Finance,0.0086
FundE,Finance,0.003
FundI,Finance,0.0019
FundI,Finance,0.0066
FundI,Finance,0.0086
FundI,Finance,0.0072
FundI,Finance,0.008
FundI,Finance,0.0027
FundI,Finance,0.0007
FundI,Finance,0.0095
FundI,Finance,0.004
FundI,Finance,0.0042
FundI,Finance,0.009
FundI,Finance,0.0067
FundI,Finance,0.0064
FundI,Finance,0.0115
FundI,Finance,0.0031
FundI,Finance,0.0078
FundI,Finance,0.0052
FundI,Finance,0.0058
FundI,Finance,0.0096
FundI,Finance,0.0065
FundI,Finance,0.0066
FundI,Finance,0.0082
FundI,Finance,0.0039
FundI,Finance,0.0025
FundI,Finance,0.0019
FundI,Finance,-0.0009
FundI,Finance,0.0112
FundI,Finance,0.0017
FundI,Finance,0.0043
FundI,Finance,0.0042
FundI,Finance,0.0059
FundI,Finance,0.0074
FundI,Finance,0.0076
FundI,Finance,0.0033
FundI,Finance,0.0045
FundI,Finance,0.0058
FundI,Finance,0.0043
FundI,Finance,0.0098
FundI,Finance,0.0065
FundI,Finance,0.0072
FundI,Finance,0.007
FundI,Finance,0.0085
FundI,Finance,0.0055
FundI,Finance,0.0011
FundI,Finance,0.0062
FundI,Finance,0.003
FundI,Finance,0.0034
FundI,Finance,0.0068
FundI,Finance,0.0087
FundI,Finance,0.0051
FundI,Finance,0.0059
FundI,Finance,0.0101
FundI,Finance,0.0057
FundI,Finance,0.0128
FundI,Finance,0.0067
FundI,Finance,-0.0003
FundI,Finance,0.0073
FundI,Finance,0.0061
FundI,Finance,0.0089
FundI,Finance,0.007
FundI,Finance,0.0046
FundI,Finance,0.0013
FundI,Finance,0.0044
FundI,Finance,0.0024
FundI,Finance,0.0033
FundI,Finance,0.0068
FundI,Finance,0.01
FundI,Finance,0.0062
FundI,Finance,0.0014
FundI,Finance,0.0063
FundI,Finance,0.0086
FundI,Finance,0.0032
FundI,Finance,0.0046
FundI,Finance,0.005
FundI,Finance,0.0026
FundI,Finance,0.0069
FundI,Finance,0.0046
FundI,Finance,0.0063
FundI,Finance,0.0023
FundI,Finance,0.0037
FundI,Finance,0.0072
FundI,Finance,0.0039
FundI,Finance,0.0102
FundI,Finance,0.0038
FundI,Finance,0.0057
FundI,Finance,0.0078
FundI,Finance,0.0007
FundI,Finance,-0.0003
FundI,Finance,0.0004
FundI,Finance,0.0088
FundI,Finance,0.0033
FundI,Finance,0.0127
FundI,Finance,0.0033
FundI,Finance,0.0056
FundI,Finance,0.0096
FundI,Finance,0.011
FundI,Finance,0.0112
FundI,Finance,0.0086
FundI,Finance,0.0081
FundI,Finance,0.0068
FundI,Finance,0.0073
FundI,Finance,0.0033
FundI,Finance,0.0025
FundI,Finance,0.005
FundI,Finance,0.0045
FundI,Finance,0.0036
FundI,Finance,0.0071
FundI,Finance,0.0079
FundI,Finance,0.0053
FundI,Finance,0.0094
FundI,Finance,0.0016
FundI,Finance,0.0044
FundI,Finance,0.0028
FundI,Finance,-0.0006
FundI,Finance,0.0048
FundI,Finance,0.0046
FundI,Finance,0.0095
FundI,Finance,0.0069
FundI,Finance,0.0019
FundI,Finance,0.0106
FundI,Finance,0.0087
FundI,Finance,0.0067
FundI,Finance,0.0043
FundI,Finance,0.0021
FundI,Finance,0.0039
FundI,Finance,0.0083
FundI,Finance,0.0107
FundI,Finance,0.0096
FundI,Finance,0.0035
FundI,Finance,0.0016
FundI,Finance,0.0054
FundI,Finance,-0.0003
FundI,Finance,0.006
FundI,Finance,0.0046
FundI,Finance,0.0036
FundI,Finance,0.0002
FundI,Finance,0.0065
FundI,Finance,0.0034
FundI,Finance,0.0015
FundI,Finance,-0.0036
FundI,Finance,0.0049
FundI,Finance,0.0103
FundI,Finance,0.01
FundI,Finance,0.0036
FundI,Finance,0.0032
FundI,Finance,0.0064
FundI,Finance,0.002
FundI,Finance,0.0059
FundI,Finance,0.0073
FundI,Finance,0.0087
FundI,Finance,0.0047
FundI,Finance,0.0044
FundI,Finance,0.0024
FundI,Finance,0.0025
FundI,Finance,0.0043
FundI,Finance,0.0061
FundI,Finance,0.0077
FundI,Finance,0.0026
FundI,Finance,0.0095
FundI,Finance,0.0042
FundI,Finance,0.0049
FundI,Finance,0.0028
FundI,Finance,-0.0023
FundI,Finance,0.0077
FundI,Finance,0.0072
FundI,Finance,0.0042
FundI,Finance,0.0052
FundI,Finance,0.0065
FundI,Finance,0.0003
FundI,Finance,0.0034
FundI,Finance,0.0074
FundI,Finance,0.0012
FundI,Finance,0.0059
FundI,Finance,0.0009
FundI,Finance,0.0064
FundI,Finance,0.0049
FundI,Finance,0.0002
FundI,Finance,0.0085
FundI,Finance,0.0028
FundI,Finance,0.0026
FundI,Finance,0.0056
FundI,Finance,0.0084
FundI,Finance,0.002
FundI,Finance,0.0052
FundI,Finance,0.0063
FundI,Finance,0.0071
FundI,Finance,0.0055
FundI,Finance,0.0039
FundI,Finance,0.0025
FundI,Finance,0.0053
FundI,Finance,0.0018
FundI,Finance,-0.0038
FundI,Finance,0.0063
FundI,Finance,0.0077
FundI,Finance,-0.0021
FundI,Finance,0.002
FundI,Finance,0.0069
FundI,Finance,0.0112
FundI,Finance,0.0051
FundI,Finance,0.0028
FundJ,Finance,0.0045
FundJ,Finance,0.0091
FundJ,Finance,0.0031
FundJ,Finance,0.0026
FundJ,Finance,0.0036
FundJ,Finance,0.0021
FundJ,Finance,0.0054
FundJ,Finance,0.0099
FundJ,Finance,0.006
FundJ,Finance,0.0042
FundJ,Finance,0.0041
FundJ,Finance,0.0003
FundJ,Finance,0.0076
FundJ,Finance,0.0048
FundJ,Finance,0.0045
FundJ,Finance,0.0146
FundJ,Finance,0.0059
FundJ,Finance,0.0027
FundJ,Finance,0.0037
FundJ,Finance,0.0084
FundJ,Finance,0.0053
FundJ,Finance,0.0007
FundJ,Finance,0.0078
FundJ,Finance,0.003
FundJ,Finance,0.0106
FundJ,Finance,0.0082
FundJ,Finance,0.0037
FundJ,Finance,0.0088
FundJ,Finance,0.0052
FundJ,Finance,0.0076
FundJ,Finance,0.0065
FundJ,Finance,0.0025
FundJ,Finance,0.0031
FundJ,Finance,0.0081
FundJ,Finance,0.004
FundJ,Finance,0.0038
FundJ,Finance,0.0021
FundJ,Finance,0.0063
FundJ,Finance,0.0112
FundJ,Finance,0.0018
FundJ,Finance,0.0051
FundJ,Finance,0.0092
FundJ,Finance,0.0048
FundJ,Finance,0.0064
FundJ,Finance,0.0018
FundJ,Finance,0.0063
FundJ,Finance,0.0044
FundJ,Finance,0.008
FundJ,Finance,0.0086
FundJ,Finance,0.0128
FundJ,Finance,0.0067
FundJ,Finance,0.006
FundJ,Finance,0.0056
FundJ,Finance,0.0039
FundJ,Finance,0.006
FundJ,Finance,0.0041
FundJ,Finance,0.0055
FundJ,Finance,0.009
FundJ,Finance,0.002
FundJ,Finance,0.0084
FundJ,Finance,0.009
FundJ,Finance,0.0046
FundJ,Finance,-0.0014
FundJ,Finance,0.0032
FundJ,Finance,0.0089
FundJ,Finance,0.0049
FundJ,Finance,0.002
FundJ,Finance,0.0035
FundJ,Finance,0.0075
FundJ,Finance,0.0066
FundJ,Finance,0.0043
FundJ,Finance,0.0039
FundJ,Finance,0.0038
FundJ,Finance,0.0022
FundJ,Finance,0.0098
FundJ,Finance,0.004
FundJ,Finance,0.0087
FundJ,Finance,0.0096
FundJ,Finance,0.008
FundJ,Finance,0.0037
FundJ,Finance,0.0062
FundJ,Finance,0.0049
FundJ,Finance,0.0023
FundJ,Finance,0.006
FundJ,Finance,0.0015
FundJ,Finance,0.0086
FundJ,Finance,0.0036
FundJ,Finance,0.0056
FundJ,Finance,0.0058
FundJ,Finance,0.0042
FundJ,Finance,0.0068
FundJ,Finance,0.0036
FundJ,Finance,0.0076
FundJ,Finance,0.001
FundJ,Finance,0.0054
FundJ,Finance,0.0108
FundJ,Finance,0.002
FundJ,Finance,0.003
FundJ,Finance,0.0065
FundJ,Finance,0.0055
FundJ,Finance,0.0061
FundJ,Finance,0.0065
FundJ,Finance,0.0069
FundJ,Finance,0.0083
FundJ,Finance,0.0062
FundJ,Finance,0.0043
FundJ,Finance,0.007
FundJ,Finance,0.0107
FundJ,Finance,0.0046
FundJ,Finance,0.0021
FundJ,Finance,0.0083
FundJ,Finance,0.0046
FundJ,Finance,-0.0015
FundJ,Finance,0.0075
FundJ,Finance,0.0034
FundJ,Finance,0.0047
FundJ,Finance,0.006
FundJ,Finance,0.0056
FundJ,Finance,0.0071
FundJ,Finance,0.0037
FundJ,Finance,0.0065
FundJ,Finance,0.0042
FundJ,Finance,0.0072
FundJ,Finance,0.0068
FundJ,Finance,0.0022
FundJ,Finance,0.0083
FundJ,Finance,0.0034
FundJ,Finance,0.0074
FundJ,Finance,0.0061
FundJ,Finance,0.0105
FundJ,Finance,0.0043
FundJ,Finance,0.004
FundJ,Finance,0.0049
FundJ,Finance,0.0041
FundJ,Finance,0.0074
FundJ,Finance,0.0002
FundJ,Finance,0.0018
FundJ,Finance,0.0018
FundJ,Finance,0.0079
FundJ,Finance,0.0101
FundJ,Finance,0.0047
FundJ,Finance,0.0045
FundJ,Finance,0.0052
FundJ,Finance,0.0085
FundJ,Finance,0.0022
FundJ,Finance,0.0057
FundJ,Finance,0.0079
FundJ,Finance,0.0065
FundJ,Finance,0.0056
FundJ,Finance,0.008
FundJ,Finance,-0.0031
FundJ,Finance,0.007
FundJ,Finance,0.003
FundJ,Finance,-0.0005
FundJ,Finance,0.0065
FundJ,Finance,0.0091
FundJ,Finance,0.0046
FundJ,Finance,0.0079
FundJ,Finance,0.0098
FundJ,Finance,0.0089
FundJ,Finance,0.0099
FundJ,Finance,0.0072
FundJ,Finance,0.0052
FundJ,Finance,0.0002
FundJ,Finance,0.0043
FundJ,Finance,0.0025
FundJ,Finance,0.0115
FundJ,Finance,0.0045
FundJ,Finance,0.0054
FundJ,Finance,0.0067
FundJ,Finance,0.0051
FundJ,Finance,0.0101
FundJ,Finance,0.0031
FundJ,Finance,0.0056
FundJ,Finance,0.0028
FundJ,Finance,0.001
FundJ,Finance,0.0032
FundJ,Finance,0.0049
FundJ,Finance,0.0037
FundJ,Finance,0.0029
FundJ,Finance,0.0008
FundJ,Finance,0.0048
FundJ,Finance,0.0005
FundJ,Finance,0.0073
FundJ,Finance,0.0052
FundJ,Finance,0.0006
FundJ,Finance,0.0041
FundJ,Finance,0.0027
FundJ,Finance,0.006
FundJ,Finance,0.009
FundJ,Finance,-0.0006
FundJ,Finance,0.0053
FundJ,Finance,0.0045
FundJ,Finance,0.007
FundJ,Finance,0.0056
FundJ,Finance,0.0027
FundJ,Finance,0.004
FundJ,Finance,0.0026
FundJ,Finance,0.0082
FundJ,Finance,0.0051
FundK,Finance,0.0107
FundK,Finance,0.0048
FundK,Finance,0.0029
FundK,Finance,0.0005
FundK,Finance,-0.0004
FundK,Finance,0.0002
FundK,Finance,0.0058
FundK,Finance,0.0065
FundK,Finance,0.0003
FundK,Finance,0.0077
FundK,Finance,0.0036
FundK,Finance,0.0054
FundK,Finance,0.0098
FundK,Finance,0.0077
FundK,Finance,0.0042
FundK,Finance,0.0023
FundK,Finance,-0.0015
FundK,Finance,0.0028
FundK,Finance,0.0044
FundK,Finance,0.002
FundK,Finance,0.0046
FundK,Finance,0.0052
FundK,Finance,0.0043
FundK,Finance,0.003
FundK,Finance,0.0055
FundK,Finance,0.0063
FundK,Finance,0.0017
FundK,Finance,0.0092
FundK,Finance,0.0047
FundK,Finance,0.0051
FundK,Finance,0.0071
FundK,Finance,0.0057
FundK,Finance,0.0079
FundK,Finance,0.0059
FundK,Finance,0.0032
FundK,Finance,0.0061
FundK,Finance,0.0016
FundK,Finance,0.0053
FundK,Finance,0.0049
FundK,Finance,0.0044
FundK,Finance,0.0046
FundK,Finance,-0.0006
FundK,Finance,0.0034
FundK,Finance,0.0053
FundK,Finance,0.0055
FundK,Finance,0.0019
FundK,Finance,0.0088
FundK,Finance,0.0024
FundK,Finance,0.0079
FundK,Finance,0.0063
FundK,Finance,0.0031
FundK,Finance,0.0103
FundK,Finance,0.0014
FundK,Finance,0.0078
FundK,Finance,0.008
FundK,Finance,0.003
FundK,Finance,0.0092
FundK,Finance,0.0042
FundK,Finance,0.0059
FundK,Finance,0.0058
FundK,Finance,0.0046
FundK,Finance,0.0074
FundK,Finance,0.0074
FundK,Finance,-0.0002
FundK,Finance,0.0089
FundK,Finance,0.0
FundK,Finance,0.0081
FundK,Finance,0.0084
FundK,Finance,0.0017
FundK,Finance,0.0038
FundK,Finance,0.0017
FundK,Finance,0.0044
FundK,Finance,0.0041
FundK,Finance,0.0073
FundK,Finance,0.0089
FundK,Finance,0.0092
FundK,Finance,0.0033
FundK,Finance,0.0044
FundK,Finance,-0.0001
FundK,Finance,0.0026
FundK,Finance,0.0079
FundK,Finance,0.0098
FundK,Finance,0.0013
FundK,Finance,0.0032
FundK,Finance,0.0049
FundK,Finance,0.0058
FundK,Finance,0.0026
FundK,Finance,0.0063
FundK,Finance,0.0036
FundK,Finance,0.005
FundK,Finance,0.0066
FundK,Finance,0.005
FundK,Finance,0.0037
FundK,Finance,0.0047
FundK,Finance,0.0047
FundK,Finance,0.0039
FundK,Finance,0.0042
FundK,Finance,0.0098
FundK,Finance,0.0067
FundK,Finance,0.0041
FundK,Finance,0.0071
FundK,Finance,0.004
FundK,Finance,0.0085
FundK,Finance,0.0061
FundK,Finance,0.0047
FundK,Finance,0.0063
FundK,Finance,0.0003
FundK,Finance,0.0016
FundK,Finance,0.0014
FundK,Finance,0.0054
FundK,Finance,0.0102
FundK,Finance,0.0117
FundK,Finance,0.0069
FundK,Finance,0.0065
FundK,Finance,-0.0004
FundK,Finance,0.0034
FundK,Finance,0.0026
FundK,Finance,0.0031
FundK,Finance,0.0045
FundK,Finance,0.0036
FundK,Finance,-0.0009
FundK,Finance,0.0072
FundK,Finance,0.0018
FundK,Finance,0.0057
FundK,Finance,0.0112
FundK,Finance,0.0022
FundK,Finance,-0.0026
FundK,Finance,0.0041
FundK,Finance,0.0083
FundK,Finance,0.0109
FundK,Finance,0.0013
FundK,Finance,0.0065
FundK,Finance,0.0036
FundK,Finance,0.0047
FundK,Finance,0.0129
FundK,Finance,0.0005
FundK,Finance,0.0058
FundK,Finance,0.0064
FundK,Finance,0.0083
FundK,Finance,0.0053
FundK,Finance,0.0059
FundK,Finance,0.0038
FundK,Finance,0.0058
FundK,Finance,0.004
FundK,Finance,0.0069
FundK,Finance,0.0039
FundK,Finance,0.0061
FundK,Finance,0.0049
FundK,Finance,0.0084
FundK,Finance,0.0048
FundK,Finance,-0.0003
FundK,Finance,0.0088
FundK,Finance,0.0023
FundK,Finance,0.003
FundK,Finance,0.0032
FundK,Finance,0.0091
FundK,Finance,-0.0014
FundK,Finance,0.0144
FundK,Finance,0.0082
FundK,Finance,0.0057
FundK,Finance,0.0048
FundK,Finance,0.0059
FundK,Finance,0.0066
FundK,Finance,0.0069
FundK,Finance,0.0067
FundK,Finance,0.0053
FundK,Finance,0.0044
FundK,Finance,0.0045
FundK,Finance,0.0044
FundK,Finance,0.0084
FundK,Finance,0.0068
FundK,Finance,-0.0038
FundK,Finance,0.007
FundK,Finance,0.0056
FundK,Finance,0.0049
FundK,Finance,0.0038
FundK,Finance,0.0084
FundK,Finance,0.0078
FundK,Finance,0.0027
FundK,Finance,0.0062
FundK,Finance,0.0021
FundK,Finance,0.0009
FundK,Finance,0.0031
FundK,Finance,0.0076
FundK,Finance,0.0079
FundK,Finance,0.0065
FundK,Finance,0.0072
FundK,Finance,0.0065
FundK,Finance,0.0031
FundK,Finance,0.0063
FundK,Finance,0.0074
FundK,Finance,0.0073
FundK,Finance,0.0086
FundK,Finance,0.0071
FundK,Finance,0.0061
FundK,Finance,0.0082
FundK,Finance,0.0049
FundK,Finance,0.0024
FundK,Finance,0.0045
FundK,Finance,0.0028
FundC,Healthcare,0.0043
FundC,Healthcare,0.0064
FundC,Healthcare,0.0038
FundC,Healthcare,0.0058
FundC,Healthcare,-0.0006
FundC,Healthcare,0.0079
FundC,Healthcare,0.007
FundC,Healthcare,0.0037
FundC,Healthcare,0.0096
FundC,Healthcare,0.0108
FundC,Healthcare,0.0006
FundC,Healthcare,0.0039
FundC,Healthcare,0.0039
FundC,Healthcare,0.0032
FundC,Healthcare,0.0103
FundC,Healthcare,0.0062
FundC,Healthcare,0.0059
FundC,Healthcare,-0.001
FundC,Healthcare,0.0095
FundC,Healthcare,0.002
FundC,Healthcare,0.0072
FundC,Healthcare,0.0081
FundC,Healthcare,0.0124
FundC,Healthcare,0.0018
FundC,Healthcare,-0.0051
FundC,Healthcare,0.0077
FundC,Healthcare,0.0142
FundC,Healthcare,0.012
FundC,Healthcare,0.0078
FundC,Healthcare,0.005
FundC,Healthcare,0.0102
FundC,Healthcare,0.0031
FundC,Healthcare,0.0089
FundC,Healthcare,0.009
FundC,Healthcare,0.0112
FundC,Healthcare,0.018
FundC,Healthcare,0.0086
FundC,Healthcare,0.005
FundC,Healthcare,0.0069
FundC,Healthcare,-0.0001
FundC,Healthcare,0.0042
FundC,Healthcare,0.0054
FundC,Healthcare,0.0049
FundC,Healthcare,0.0076
FundC,Healthcare,0.0037
FundC,Healthcare,0.0115
FundC,Healthcare,0.007
FundC,Healthcare,0.007
FundC,Healthcare,0.0057
FundC,Healthcare,0.0076
FundC,Healthcare,0.0103
FundC,Healthcare,0.0035
FundC,Healthcare,0.0044
FundC,Healthcare,0.0058
FundC,Healthcare,0.0016
FundC,Healthcare,0.0037
FundC,Healthcare,0.0051
FundC,Healthcare,0.0105
FundC,Healthcare,0.0081
FundC,Healthcare,0.0078
FundC,Healthcare,0.0104
FundC,Healthcare,0.0065
FundC,Healthcare,0.0086
FundC,Healthcare,0.0066
FundC,Healthcare,0.0081
FundC,Healthcare,0.0047
FundC,Healthcare,-0.0028
FundC,Healthcare,0.0065
FundC,Healthcare,0.0127
FundC,Healthcare,0.0107
FundC,Healthcare,0.0109
FundC,Healthcare,0.0119
FundC,Healthcare,0.0074
FundC,Healthcare,0.0078
FundC,Healthcare,0.0045
FundC,Healthcare,0.0057
FundC,Healthcare,0.0095
FundC,Healthcare,0.0118
FundC,Healthcare,0.0064
FundC,Healthcare,0.0052
FundC,Healthcare,0.007
FundC,Healthcare,0.0094
FundC,Healthcare,0.0012
FundC,Healthcare,-0.0022
FundC,Healthcare,0.0048
FundC,Healthcare,0.0021
FundC,Healthcare,0.005
FundC,Healthcare,0.0064
FundC,Healthcare,0.0052
FundC,Healthcare,0.0128
FundC,Healthcare,0.0083
FundC,Healthcare,0.0082
FundC,Healthcare,0.0095
FundC,Healthcare,0.0024
FundC,Healthcare,0.0112
FundC,Healthcare,0.0067
FundC,Healthcare,0.0097
FundC,Healthcare,0.0027
FundC,Healthcare,0.0008
FundC,Healthcare,0.0103
FundC,Healthcare,0.0085
FundC,Healthcare,0.0034
FundC,Healthcare,0.0035
FundC,Healthcare,0.0115
FundC,Healthcare,0.0022
FundC,Healthcare,0.0136
FundC,Healthcare,0.0034
FundC,Healthcare,0.0096
FundC,Healthcare,0.0057
FundC,Healthcare,0.0094
FundC,Healthcare,0.0048
FundC,Healthcare,0.0063
FundC,Healthcare,0.0072
FundC,Healthcare,0.003
FundC,Healthcare,0.01
FundC,Healthcare,0.0049
FundC,Healthcare,0.0061
FundC,Healthcare,0.003
FundC,Healthcare,-0.0032
FundC,Healthcare,0.0062
FundC,Healthcare,0.0167
FundC,Healthcare,0.0101
FundC,Healthcare,0.0069
FundC,Healthcare,0.0059
FundC,Healthcare,0.0071
FundC,Healthcare,0.0092
FundC,Healthcare,0.0023
FundC,Healthcare,0.0115
FundC,Healthcare,0.0099
FundC,Healthcare,0.0099
FundC,Healthcare,0.0088
FundC,Healthcare,0.0071
FundC,Healthcare,0.0097
FundC,Healthcare,0.0094
FundC,Healthcare,0.0056
FundC,Healthcare,0.0047
FundC,Healthcare,0.0074
FundC,Healthcare,0.0132
FundC,Healthcare,0.002
FundC,Healthcare,0.0011
FundC,Healthcare,0.0077
FundC,Healthcare,0.0072
FundC,Healthcare,0.0077
FundC,Healthcare,0.008
FundC,Healthcare,0.0061
FundC,Healthcare,0.013
FundC,Healthcare,0.0006
FundC,Healthcare,0.0037
FundC,Healthcare,0.0066
FundC,Healthcare,0.0004
FundC,Healthcare,0.0063
FundC,Healthcare,0.0136
FundC,Healthcare,0.0071
FundC,Healthcare,0.0079
FundC,Healthcare,0.002
FundC,Healthcare,0.0045
FundC,Healthcare,0.0055
FundC,Healthcare,0.0057
FundC,Healthcare,0.0121
FundC,Healthcare,0.0092
FundC,Healthcare,0.0026
FundC,Healthcare,0.008
FundC,Healthcare,0.009
FundC,Healthcare,0.0116
FundC,Healthcare,0.0133
FundC,Healthcare,0.0029
FundC,Healthcare,0.0038
FundC,Healthcare,0.002
FundC,Healthcare,0.0061
FundC,Healthcare,0.0089
FundC,Healthcare,0.0109
FundC,Healthcare,0.0067
FundC,Healthcare,0.0057
FundC,Healthcare,0.0076
FundC,Healthcare,0.0037
FundC,Healthcare,0.0154
FundC,Healthcare,0.0006
FundC,Healthcare,0.0077
FundC,Healthcare,0.0151
FundC,Healthcare,0.007
FundC,Healthcare,0.0062
FundC,Healthcare,0.0056
FundC,Healthcare,0.0063
FundC,Healthcare,0.0125
FundC,Healthcare,-0.0018
FundC,Healthcare,0.0131
FundC,Healthcare,0.0013
FundC,Healthcare,0.0059
FundC,Healthcare,0.0053
FundC,Healthcare,0.0094
FundC,Healthcare,0.0006
FundC,Healthcare,0.0088
FundC,Healthcare,0.0151
FundC,Healthcare,0.0015
FundC,Healthcare,0.0078
FundC,Healthcare,0.0044
FundC,Healthcare,0.0087
FundC,Healthcare,0.0071
FundC,Healthcare,0.0044
FundC,Healthcare,0.009
FundL,Healthcare,0.0142
FundL,Healthcare,0.0062
FundL,Healthcare,0.0099
FundL,Healthcare,0.0018
FundL,Healthcare,0.0032
FundL,Healthcare,0.0089
FundL,Healthcare,0.0129
FundL,Healthcare,0.0084
FundL,Healthcare,0.0057
FundL,Healthcare,0.007
FundL,Healthcare,0.002
FundL,Healthcare,0.0094
FundL,Healthcare,0.0105
FundL,Healthcare,0.0052
FundL,Healthcare,0.0051
FundL,Healthcare,0.0081
FundL,Healthcare,0.0053
FundL,Healthcare,0.0067
FundL,Healthcare,0.0154
FundL,Healthcare,0.006
FundL,Healthcare,0.0056
FundL,Healthcare,0.0044
FundL,Healthcare,0.01
FundL,Healthcare,0.0063
FundL,Healthcare,0.0044
FundL,Healthcare,0.0123
FundL,Healthcare,0.0127
FundL,Healthcare,0.0046
FundL,Healthcare,-0.0005
FundL,Healthcare,0.011
FundL,Healthcare,0.0043
FundL,Healthcare,0.0102
FundL,Healthcare,-0.0009
FundL,Healthcare,0.0106
FundL,Healthcare,0.0022
FundL,Healthcare,0.0099
FundL,Healthcare,0.0071
FundL,Healthcare,0.0032
FundL,Healthcare,0.0054
FundL,Healthcare,0.0097
FundL,Healthcare,0.0074
FundL,Healthcare,0.0093
FundL,Healthcare,0.0149
FundL,Healthcare,0.0007
FundL,Healthcare,0.0135
FundL,Healthcare,0.0074
FundL,Healthcare,0.0034
FundL,Healthcare,0.0017
FundL,Healthcare,0.0062
FundL,Healthcare,0.0107
FundL,Healthcare,0.0065
FundL,Healthcare,0.013
FundL,Healthcare,0.0012
FundL,Healthcare,0.007
FundL,Healthcare,0.002
FundL,Healthcare,0.0085
FundL,Healthcare,0.0105
FundL,Healthcare,0.0053
FundL,Healthcare,-0.0034
FundL,Healthcare,0.0078
FundL,Healthcare,0.0087
FundL,Healthcare,0.0086
FundL,Healthcare,0.0119
FundL,Healthcare,0.0027
FundL,Healthcare,0.0097
FundL,Healthcare,0.0118
FundL,Healthcare,-0.0001
FundL,Healthcare,0.0083
FundL,Healthcare,0.005
FundL,Healthcare,0.0067
FundL,Healthcare,0.0084
FundL,Healthcare,0.0051
FundL,Healthcare,0.0043
FundL,Healthcare,0.0071
FundL,Healthcare,0.0027
FundL,Healthcare,0.0027
FundL,Healthcare,0.0097
FundL,Healthcare,0.0024
FundL,Healthcare,0.0097
FundL,Healthcare,0.0089
FundL,Healthcare,0.0001
FundL,Healthcare,0.0043
FundL,Healthcare,0.0118
FundL,Healthcare,0.0031
FundL,Healthcare,0.0051
FundL,Healthcare,0.0088
FundL,Healthcare,0.0101
FundL,Healthcare,0.006
FundL,Healthcare,0.0046
FundL,Healthcare,0.0127
FundL,Healthcare,0.014
FundL,Healthcare,0.0109
FundL,Healthcare,0.0073
FundL,Healthcare,0.0038
FundL,Healthcare,0.0037
FundL,Healthcare,0.0091
FundL,Healthcare,0.0087
FundL,Healthcare,0.0126
FundL,Healthcare,0.0096
FundL,Healthcare,0.001
FundL,Healthcare,0.0112
FundL,Healthcare,0.003
FundL,Healthcare,0.0055
FundL,Healthcare,0.008
FundL,Healthcare,0.015
FundL,Healthcare,0.0194
FundL,Healthcare,0.0094
FundL,Healthcare,0.0063
FundL,Healthcare,0.0091
FundL,Healthcare,0.0106
FundL,Healthcare,0.0057
FundL,Healthcare,0.0142
FundL,Healthcare,0.0079
FundL,Healthcare,0.009
FundL,Healthcare,0.0097
FundL,Healthcare,0.0087
FundL,Healthcare,0.0104
FundL,Healthcare,0.0045
FundL,Healthcare,0.0048
FundL,Healthcare,0.0026
FundL,Healthcare,0.0088
FundL,Healthcare,0.0101
FundL,Healthcare,0.0088
FundL,Healthcare,0.0137
FundL,Healthcare,0.007
FundL,Healthcare,0.0097
FundL,Healthcare,0.0026
FundL,Healthcare,0.0055
FundL,Healthcare,0.0098
FundL,Healthcare,0.0104
FundL,Healthcare,0.0058
FundL,Healthcare,0.0067
FundL,Healthcare,0.0009
FundL,Healthcare,0.0056
FundL,Healthcare,0.0106
FundL,Healthcare,0.0093
FundL,Healthcare,0.009
FundL,Healthcare,0.0072
FundL,Healthcare,0.007
FundL,Healthcare,0.0044
FundL,Healthcare,0.0098
FundL,Healthcare,0.0087
FundL,Healthcare,0.009
FundL,Healthcare,0.0049
FundL,Healthcare,-0.0016
FundL,Healthcare,0.0114
FundL,Healthcare,0.0051
FundL,Healthcare,0.0035
FundL,Healthcare,0.0098
FundL,Healthcare,0.0054
FundL,Healthcare,0.0112
FundL,Healthcare,0.0095
FundL,Healthcare,0.0097
FundL,Healthcare,0.0015
FundL,Healthcare,0.0118
FundL,Healthcare,0.008
FundL,Healthcare,0.0055
FundL,Healthcare,0.0076
FundL,Healthcare,-0.0001
FundL,Healthcare,0.0086
FundL,Healthcare,0.0029
FundL,Healthcare,0.0016
FundL,Healthcare,0.0009
FundL,Healthcare,0.0115
FundL,Healthcare,0.0045
FundL,Healthcare,0.0131
FundL,Healthcare,0.0049
FundL,Healthcare,0.0002
FundL,Healthcare,0.0025
FundL,Healthcare,0.0119
FundL,Healthcare,0.0064
FundL,Healthcare,0.0048
FundL,Healthcare,0.0076
FundL,Healthcare,0.009
FundL,Healthcare,0.0115
FundL,Healthcare,0.0128
FundL,Healthcare,0.0056
FundL,Healthcare,0.0017
FundL,Healthcare,0.0053
FundL,Healthcare,0.008
FundL,Healthcare,0.0031
FundL,Healthcare,0.0032
FundL,Healthcare,0.0084
FundL,Healthcare,0.0068
FundL,Healthcare,0.0071
FundL,Healthcare,0.004
FundL,Healthcare,0.0061
FundL,Healthcare,0.0033
FundL,Healthcare,0.0106
FundL,Healthcare,0.0111
FundL,Healthcare,-0.0004
FundL,Healthcare,0.0033
FundL,Healthcare,0.001
FundL,Healthcare,0.0044
FundL,Healthcare,0.0067
FundL,Healthcare,0.0012
FundL,Healthcare,0.0033
FundL,Healthcare,0.003
FundL,Healthcare,0.0078
FundL,Healthcare,0.0073
FundM,Healthcare,0.0041
FundM,Healthcare,0.0077
FundM,Healthcare,0.0048
FundM,Healthcare,0.0059
FundM,Healthcare,0.0137
FundM,Healthcare,0.0124
FundM,Healthcare,0.0018
FundM,Healthcare,0.0103
FundM,Healthcare,0.0102
FundM,Healthcare,0.0024
FundM,Healthcare,0.0103
FundM,Healthcare,0.0132
FundM,Healthcare,0.0025
FundM,Healthcare,0.0033
FundM,Healthcare,0.0111
FundM,Healthcare,0.0081
FundM,Healthcare,0.0092
FundM,Healthcare,0.0084
FundM,Healthcare,0.0086
FundM,Healthcare,0.0017
FundM,Healthcare,0.0112
FundM,Healthcare,0.0117
FundM,Healthcare,0.0061
FundM,Healthcare,0.0068
FundM,Healthcare,0.0009
FundM,Healthcare,0.0091
FundM,Healthcare,0.0093
FundM,Healthcare,0.0068
FundM,Healthcare,0.0115
FundM,Healthcare,0.0057
FundM,Healthcare,0.0093
FundM,Healthcare,0.0029
FundM,Healthcare,0.0069
FundM,Healthcare,0.0063
FundM,Healthcare,0.0079
FundM,Healthcare,0.0055
FundM,Healthcare,0.0065
FundM,Healthcare,0.0103
FundM,Healthcare,0.0053
FundM,Healthcare,0.0006
FundM,Healthcare,0.014
FundM,Healthcare,0.0125
FundM,Healthcare,0.0018
FundM,Healthcare,0.0098
FundM,Healthcare,0.005
FundM,Healthcare,0.0081
FundM,Healthcare,0.0082
FundM,Healthcare,0.0061
FundM,Healthcare,0.0039
FundM,Healthcare,0.0042
FundM,Healthcare,0.0033
FundM,Healthcare,0.0037
FundM,Healthcare,0.0067
FundM,Healthcare,0.0041
FundM,Healthcare,0.0097
FundM,Healthcare,0.0129
FundM,Healthcare,0.0047
FundM,Healthcare,0.008
FundM,Healthcare,0.009
FundM,Healthcare,0.0089
FundM,Healthcare,0.0073
FundM,Healthcare,0.01
FundM,Healthcare,0.0089
FundM,Healthcare,0.002
FundM,Healthcare,0.0105
FundM,Healthcare,0.0105
FundM,Healthcare,0.0039
FundM,Healthcare,0.0072
FundM,Healthcare,0.0097
FundM,Healthcare,0.0062
FundM,Healthcare,0.0113
FundM,Healthcare,0.0165
FundM,Healthcare,0.0039
FundM,Healthcare,0.0015
FundM,Healthcare,0.0082
FundM,Healthcare,0.0099
FundM,Healthcare,0.0061
FundM,Healthcare,0.0128
FundM,Healthcare,0.0016
FundM,Healthcare,0.0098
FundM,Healthcare,0.0046
FundM,Healthcare,0.0139
FundM,Healthcare,0.015
FundM,Healthcare,0.0039
FundM,Healthcare,0.0048
FundM,Healthcare,0.0104
FundM,Healthcare,0.0055
FundM,Healthcare,0.0068
FundM,Healthcare,0.0071
FundM,Healthcare,-0.0007
FundM,Healthcare,0.0069
FundM,Healthcare,0.0042
FundM,Healthcare,0.005
FundM,Healthcare,0.0128
FundM,Healthcare,0.002
FundM,Healthcare,0.0103
FundM,Healthcare,0.0059
FundM,Healthcare,0.0059
FundM,Healthcare,0.0102
FundM,Healthcare,0.0084
FundM,Healthcare,0.0093
FundM,Healthcare,0.0109
FundM,Healthcare,0.0057
FundM,Healthcare,0.0046
FundM,Healthcare,0.0027
FundM,Healthcare,0.0037
FundM,Healthcare,0.0188
FundM,Healthcare,0.012
FundM,Healthcare,0.0016
FundM,Healthcare,0.0017
FundM,Healthcare,0.0089
FundM,Healthcare,0.0092
FundM,Healthcare,0.0092
FundM,Healthcare,0.006
FundM,Healthcare,0.0065
FundM,Healthcare,0.0083
FundM,Healthcare,0.0073
FundM,Healthcare,-0.0019
FundM,Healthcare,0.0061
FundM,Healthcare,0.0036
FundM,Healthcare,0.0077
FundM,Healthcare,0.0189
FundM,Healthcare,0.0085
FundM,Healthcare,0.0057
FundM,Healthcare,0.0107
FundM,Healthcare,0.0089
FundM,Healthcare,0.0087
FundM,Healthcare,0.0094
FundM,Healthcare,0.0152
FundM,Healthcare,0.0025
FundM,Healthcare,0.0089
FundM,Healthcare,0.0033
FundM,Healthcare,0.0092
FundM,Healthcare,0.0033
FundM,Healthcare,0.0053
FundM,Healthcare,0.0058
FundM,Healthcare,0.0109
FundM,Healthcare,0.0107
FundM,Healthcare,0.002
FundM,Healthcare,0.0072
FundM,Healthcare,0.0042
FundM,Healthcare,0.002
FundM,Healthcare,0.0061
FundM,Healthcare,0.0058
FundM,Healthcare,0.0167
FundM,Healthcare,0.0087
FundM,Healthcare,0.0015
FundM,Healthcare,0.0047
FundM,Healthcare,0.0111
FundM,Healthcare,0.0154
FundM,Healthcare,0.0007
FundM,Healthcare,-0.0005
FundM,Healthcare,0.0145
FundM,Healthcare,0.0086
FundM,Healthcare,0.0035
FundM,Healthcare,0.0091
FundM,Healthcare,-0.0035
FundM,Healthcare,0.007
FundM,Healthcare,0.0083
FundM,Healthcare,0.0107
FundM,Healthcare,0.0029
FundM,Healthcare,0.0073
FundM,Healthcare,0.0033
FundM,Healthcare,0.008
FundM,Healthcare,0.0034
FundM,Healthcare,0.0054
FundM,Healthcare,0.003
FundM,Healthcare,0.0096
FundM,Healthcare,0.0104
FundM,Healthcare,0.0061
FundM,Healthcare,0.0072
FundM,Healthcare,0.0012
FundM,Healthcare,0.0058
FundM,Healthcare,0.0068
FundM,Healthcare,0.0175
FundM,Healthcare,0.0026
FundM,Healthcare,0.0129
FundM,Healthcare,0.011
FundM,Healthcare,0.0081
FundM,Healthcare,0.014
FundM,Healthcare,0.0085
FundM,Healthcare,0.0086
FundM,Healthcare,0.0068
FundM,Healthcare,0.0119
FundM,Healthcare,0.0114
FundM,Healthcare,0.0045
FundM,Healthcare,0.0017
FundM,Healthcare,0.0062
FundM,Healthcare,0.0038
FundM,Healthcare,0.0067
FundM,Healthcare,0.0119
FundM,Healthcare,0.0052
FundM,Healthcare,0.0068
FundM,Healthcare,0.0072
FundM,Healthcare,0.0104
FundM,Healthcare,-0.002
FundM,Healthcare,0.0046
FundM,Healthcare,0.0078
FundM,Healthcare,0.0118
FundM,Healthcare,0.005
FundN,Healthcare,-0.0005
FundN,Healthcare,0.0095
FundN,Healthcare,0.0045
FundN,Healthcare,0.0022
FundN,Healthcare,0.0045
FundN,Healthcare,0.0063
FundN,Healthcare,0.0046
FundN,Healthcare,-0.0018
FundN,Healthcare,0.0106
FundN,Healthcare,0.0121
FundN,Healthcare,0.0096
FundN,Healthcare,0.0024
FundN,Healthcare,0.0062
FundN,Healthcare,0.007
FundN,Healthcare,0.0094
FundN,Healthcare,0.0097
FundN,Healthcare,0.0041
FundN,Healthcare,0.0073
FundN,Healthcare,0.0088
FundN,Healthcare,0.0128
FundN,Healthcare,0.0098
FundN,Healthcare,0.0102
FundN,Healthcare,0.0073
FundN,Healthcare,0.0126
FundN,Healthcare,0.0086
FundN,Healthcare,0.0036
FundN,Healthcare,0.0126
FundN,Healthcare,0.0098
FundN,Healthcare,0.0052
FundN,Healthcare,0.0051
FundN,Healthcare,0.0082
FundN,Healthcare,0.0089
FundN,Healthcare,0.0078
FundN,Healthcare,0.0082
FundN,Healthcare,0.0138
FundN,Healthcare,0.0113
FundN,Healthcare,0.0078
FundN,Healthcare,0.0108
FundN,Healthcare,0.0029
FundN,Healthcare,0.0086
FundN,Healthcare,0.0142
FundN,Healthcare,0.0061
FundN,Healthcare,0.0036
FundN,Healthcare,0.0044
FundN,Healthcare,0.0026
FundN,Healthcare,0.0039
FundN,Healthcare,0.0055
FundN,Healthcare,0.0014
FundN,Healthcare,0.0071
FundN,Healthcare,0.0106
FundN,Healthcare,0.0034
FundN,Healthcare,0.0131
FundN,Healthcare,0.009
FundN,Healthcare,0.0111
FundN,Healthcare,0.0044
FundN,Healthcare,0.0104
FundN,Healthcare,0.0026
FundN,Healthcare,0.0106
FundN,Healthcare,0.0077
FundN,Healthcare,0.0092
FundN,Healthcare,0.0023
FundN,Healthcare,0.0034
FundN,Healthcare,0.0094
FundN,Healthcare,0.0032
FundN,Healthcare,0.0089
FundN,Healthcare,0.0015
FundN,Healthcare,0.0104
FundN,Healthcare,0.0021
FundN,Healthcare,0.0092
FundN,Healthcare,0.0095
FundN,Healthcare,0.0042
FundN,Healthcare,0.0093
FundN,Healthcare,0.008
FundN,Healthcare,0.0048
FundN,Healthcare,0.003
FundN,Healthcare,-0.0009
FundN,Healthcare,0.0084
FundN,Healthcare,0.0007
FundN,Healthcare,0.0074
FundN,Healthcare,0.0059
FundN,Healthcare,0.0097
FundN,Healthcare,0.0058
FundN,Healthcare,0.0057
FundN,Healthcare,0.0099
FundN,Healthcare,0.0083
FundN,Healthcare,0.0083
FundN,Healthcare,0.0089
FundN,Healthcare,0.0009
FundN,Healthcare,0.01
FundN,Healthcare,0.0094
FundN,Healthcare,0.0029
FundN,Healthcare,0.006
FundN,Healthcare,0.0068
FundN,Healthcare,0.0065
FundN,Healthcare,0.0083
FundN,Healthcare,0.0127
FundN,Healthcare,0.0113
FundN,Healthcare,0.0018
FundN,Healthcare,0.0095
FundN,Healthcare,0.0123
FundN,Healthcare,0.0085
FundN,Healthcare,0.0114
FundN,Healthcare,0.015
FundN,Healthcare,0.0111
FundN,Healthcare,0.008
FundN,Healthcare,0.0112
FundN,Healthcare,0.0076
FundN,Healthcare,0.0071
FundN,Healthcare,0.0056
FundN,Healthcare,0.0133
FundN,Healthcare,0.0037
FundN,Healthcare,0.0131
FundN,Healthcare,0.009
FundN,Healthcare,0.0014
FundN,Healthcare,0.0085
FundN,Healthcare,-0.0014
FundN,Healthcare,0.0095
FundN,Healthcare,0.0105
FundN,Healthcare,0.0046
FundN,Healthcare,0.0075
FundN,Healthcare,0.0148
FundN,Healthcare,0.005
FundN,Healthcare,0.0028
FundN,Healthcare,0.0129
FundN,Healthcare,0.0149
FundN,Healthcare,0.007
FundN,Healthcare,0.011
FundN,Healthcare,0.0124
FundN,Healthcare,0.004
FundN,Healthcare,0.0051
FundN,Healthcare,0.0119
FundN,Healthcare,0.0137
FundN,Healthcare,0.0093
FundN,Healthcare,0.0035
FundN,Healthcare,0.0149
FundN,Healthcare,0.0049
FundN,Healthcare,0.0057
FundN,Healthcare,0.0084
FundN,Healthcare,0.0132
FundN,Healthcare,0.0104
FundN,Healthcare,0.0087
FundN,Healthcare,0.0089
FundN,Healthcare,0.0072
FundN,Healthcare,0.0092
FundN,Healthcare,-0.0031
FundN,Healthcare,0.0058
FundN,Healthcare,0.008
FundN,Healthcare,0.0024
FundN,Healthcare,0.0085
FundN,Healthcare,0.0062
FundN,Healthcare,0.014
FundN,Healthcare,0.0133
FundN,Healthcare,0.0051
FundN,Healthcare,0.0064
FundN,Healthcare,0.0067
FundN,Healthcare,0.0052
FundN,Healthcare,0.0078
FundN,Healthcare,0.004
FundN,Healthcare,0.0025
FundN,Healthcare,0.0095
FundN,Healthcare,0.0095
FundN,Healthcare,0.0038
FundN,Healthcare,0.0106
FundN,Healthcare,0.0045
FundN,Healthcare,0.008
FundN,Healthcare,0.0103
FundN,Healthcare,0.0069
FundN,Healthcare,0.0088
FundN,Healthcare,0.0049
FundN,Healthcare,0.0062
FundN,Healthcare,0.0062
FundN,Healthcare,0.004
FundN,Healthcare,0.0063
FundN,Healthcare,0.0008
FundN,Healthcare,0.005
FundN,Healthcare,0.0059
FundN,Healthcare,0.006
FundN,Healthcare,0.006
FundN,Healthcare,0.0068
FundN,Healthcare,0.0089
FundN,Healthcare,0.0105
FundN,Healthcare,0.0044
FundN,Healthcare,0.0022
FundN,Healthcare,0.0028
FundN,Healthcare,0.0051
FundN,Healthcare,0.0056
FundN,Healthcare,0.0039
FundN,Healthcare,0.0018
FundN,Healthcare,0.0052
FundN,Healthcare,0.0077
FundN,Healthcare,0.0094
FundN,Healthcare,0.0048
FundN,Healthcare,0.0053
FundN,Healthcare,0.0033
FundN,Healthcare,0.0069
FundN,Healthcare,0.0036
FundN,Healthcare,0.0093
FundN,Healthcare,-0.0001
FundN,Healthcare,0.0056
FundN,Healthcare,0.0082
FundO,Healthcare,0.0077
FundO,Healthcare,0.0178
FundO,Healthcare,0.0084
FundO,Healthcare,0.003
FundO,Healthcare,0.0066
FundO,Healthcare,-0.0001
FundO,Healthcare,0.0067
FundO,Healthcare,0.0037
FundO,Healthcare,0.0107
FundO,Healthcare,0.0048
FundO,Healthcare,0.0065
FundO,Healthcare,0.0045
FundO,Healthcare,0.014
FundO,Healthcare,0.0057
FundO,Healthcare,0.0143
FundO,Healthcare,0.0103
FundO,Healthcare,0.0089
FundO,Healthcare,0.0085
FundO,Healthcare,0.0086
FundO,Healthcare,-0.0007
FundO,Healthcare,0.0059
FundO,Healthcare,0.0104
FundO,Healthcare,0.0068
FundO,Healthcare,0.0014
FundO,Healthcare,0.0068
FundO,Healthcare,0.0138
FundO,Healthcare,0.012
FundO,Healthcare,0.0068
FundO,Healthcare,0.0108
FundO,Healthcare,0.0055
FundO,Healthcare,0.0002
FundO,Healthcare,0.0033
FundO,Healthcare,0.0133
FundO,Healthcare,0.0059
FundO,Healthcare,0.006
FundO,Healthcare,0.0058
FundO,Healthcare,0.0146
FundO,Healthcare,0.0135
FundO,Healthcare,0.0159
FundO,Healthcare,0.0064
FundO,Healthcare,0.0082
FundO,Healthcare,0.0009
FundO,Healthcare,0.0129
FundO,Healthcare,0.0023
FundO,Healthcare,0.0079
FundO,Healthcare,0.0026
FundO,Healthcare,0.0046
FundO,Healthcare,0.0037
FundO,Healthcare,0.0046
FundO,Healthcare,0.0048
FundO,Healthcare,0.0048
FundO,Healthcare,0.0103
FundO,Healthcare,0.0026
FundO,Healthcare,0.0079
FundO,Healthcare,0.0119
FundO,Healthcare,0.0049
FundO,Healthcare,0.0041
FundO,Healthcare,0.0061
FundO,Healthcare,0.0117
FundO,Healthcare,0.0078
FundO,Healthcare,0.0049
FundO,Healthcare,0.0089
FundO,Healthcare,0.0026
FundO,Healthcare,0.0097
FundO,Healthcare,0.0086
FundO,Healthcare,0.0058
FundO,Healthcare,0.0036
FundO,Healthcare,0.0035
FundO,Healthcare,0.0091
FundO,Healthcare,0.0119
FundO,Healthcare,0.0045
FundO,Healthcare,0.0088
FundO,Healthcare,-0.0013
FundO,Healthcare,0.0047
FundO,Healthcare,0.0069
FundO,Healthcare,0.0034
FundO,Healthcare,0.0033
FundO,Healthcare,0.0043
FundO,Healthcare,0.0082
FundO,Healthcare,0.0063
FundO,Healthcare,-0.002
FundO,Healthcare,-0.0015
FundO,Healthcare,0.0046
FundO,Healthcare,0.0088
FundO,Healthcare,-0.004
FundO,Healthcare,0.005
FundO,Healthcare,0.0049
FundO,Healthcare,0.0126
FundO,Healthcare,0.0055
FundO,Healthcare,0.0085
FundO,Healthcare,0.0076
FundO,Healthcare,-0.0015
FundO,Healthcare,0.0101
FundO,Healthcare,0.0079
FundO,Healthcare,0.009
FundO,Healthcare,0.0227
FundO,Healthcare,-0.0013
FundO,Healthcare,0.0139
FundO,Healthcare,0.0059
FundO,Healthcare,0.0081
FundO,Healthcare,0.0068
FundO,Healthcare,0.0053
FundO,Healthcare,0.0047
FundO,Healthcare,0.0083
FundO,Healthcare,0.0009
FundO,Healthcare,0.01
FundO,Healthcare,0.0053
FundO,Healthcare,0.0025
FundO,Healthcare,0.0052
FundO,Healthcare,0.012
FundO,Healthcare,0.0049
FundO,Healthcare,0.0084
FundO,Healthcare,0.0041
FundO,Healthcare,0.01
FundO,Healthcare,0.0097
FundO,Healthcare,0.0144
FundO,Healthcare,0.0063
FundO,Healthcare,0.0097
FundO,Healthcare,0.0074
FundO,Healthcare,0.0122
FundO,Healthcare,0.0041
FundO,Healthcare,0.01
FundO,Healthcare,0.0062
FundO,Healthcare,0.0067
FundO,Healthcare,0.0074
FundO,Healthcare,0.008
FundO,Healthcare,0.0065
FundO,Healthcare,0.0079
FundO,Healthcare,0.0133
FundO,Healthcare,0.0109
FundO,Healthcare,0.0105
FundO,Healthcare,0.0052
FundO,Healthcare,0.0034
FundO,Healthcare,0.0108
FundO,Healthcare,0.0105
FundO,Healthcare,0.0129
FundO,Healthcare,0.0046
FundO,Healthcare,0.0061
FundO,Healthcare,0.0004
FundO,Healthcare,0.0054
FundO,Healthcare,0.011
FundO,Healthcare,0.0051
FundO,Healthcare,0.0096
FundO,Healthcare,0.0062
FundO,Healthcare,0.0083
FundO,Healthcare,0.0024
FundO,Healthcare,0.0073
FundO,Healthcare,-0.005
FundO,Healthcare,0.0063
FundO,Healthcare,0.0005
FundO,Healthcare,0.0118
FundO,Healthcare,0.0101
FundO,Healthcare,0.0089
FundO,Healthcare,0.0131
FundO,Healthcare,0.0032
FundO,Healthcare,0.014
FundO,Healthcare,0.0107
FundO,Healthcare,0.0061
FundO,Healthcare,0.0115
FundO,Healthcare,0.0026
FundO,Healthcare,0.0037
FundO,Healthcare,0.0046
FundO,Healthcare,0.0049
FundO,Healthcare,0.0028
FundO,Healthcare,0.0119
FundO,Healthcare,0.006
FundO,Healthcare,0.0084
FundO,Healthcare,0.0047
FundO,Healthcare,-0.0003
FundO,Healthcare,0.0081
FundO,Healthcare,-0.0006
FundO,Healthcare,0.0067
FundO,Healthcare,0.0015
FundO,Healthcare,0.0149
FundO,Healthcare,0.0106
FundO,Healthcare,0.0074
FundO,Healthcare,0.0121
FundO,Healthcare,0.0036
FundO,Healthcare,0.0092
FundO,Healthcare,0.0078
FundO,Healthcare,0.0081
FundO,Healthcare,0.0121
FundO,Healthcare,0.0099
FundO,Healthcare,0.0082
FundO,Healthcare,0.0004
FundO,Healthcare,0.0032
FundO,Healthcare,0.0065
FundO,Healthcare,0.0074
FundO,Healthcare,0.0025
FundO,Healthcare,0.0166
FundO,Healthcare,0.0131
FundO,Healthcare,0.0094
FundO,Healthcare,0.0073
FundO,Healthcare,0.0062
FundO,Healthcare,0.0032
FundO,Healthcare,0.0073
FundO,Healthcare,0.008
FundO,Healthcare,0.002
FundO,Healthcare,0.0083
FundO,Healthcare,0.0064
